AGUASCALIENTES,2018,77141
AGUASCALIENTES,2019,52499
AGUASCALIENTES,2020,49999
AGUASCALIENTES,2021,52999
AGUASCALIENTES,2022,52999
BAJA CALIFORNIA,2018,64999
BAJA CALIFORNIA,2019,32549
BAJA CALIFORNIA,2020,68499
BAJA CALIFORNIA,2021,40999
BAJA CALIFORNIA,2022,39000
BAJA CALIFORNIA SUR,2018,45899
BAJA CALIFORNIA SUR,2019,40499
BAJA CALIFORNIA SUR,2020,42855
BAJA CALIFORNIA SUR,2021,52856
BAJA CALIFORNIA SUR,2022,67149
CAMPECHE,2018,61999
CAMPECHE,2019,40799
CAMPECHE,2020,44299
CAMPECHE,2021,52856
CAMPECHE,2022,64442
CHIAPAS,2018,49542
CHIAPAS,2019,45713
CHIAPAS,2020,55999
CHIAPAS,2021,52856
CHIAPAS,2022,44284
CHIHUAHUA,2018,77999
CHIHUAHUA,2019,41141
CHIHUAHUA,2021,52999
CHIHUAHUA,2022,52999
CIUDAD DE M'EXICO,2018,109999
CIUDAD DE M'EXICO,2019,79990
CIUDAD DE M'EXICO,2020,68499
CIUDAD DE M'EXICO,2021,52999
CIUDAD DE M'EXICO,2022,64442
COAHUILA DE ZARAGOZA,2018,56922
COAHUILA DE ZARAGOZA,2019,40799
COAHUILA DE ZARAGOZA,2020,53999
COAHUILA DE ZARAGOZA,2021,52856
COAHUILA DE ZARAGOZA,2022,45499
COLIMA,2018,49599
COLIMA,2019,51817
DURANGO,2018,49999
DURANGO,2019,55999
DURANGO,2020,55999
DURANGO,2021,67141
DURANGO,2022,67149
ESTADO DE M'EXICO,2018,79999
ESTADO DE M'EXICO,2019,57885
ESTADO DE M'EXICO,2020,68499
ESTADO DE M'EXICO,2021,52856
ESTADO DE M'EXICO,2022,64442
GUANAJUATO,2018,103045
GUANAJUATO,2019,95999
GUANAJUATO,2020,55999
GUANAJUATO,2021,85713
GUANAJUATO,2022,94248
GUERRERO,2018,54599
GUERRERO,2019,38168
GUERRERO,2020,29477
GUERRERO,2021,42999
GUERRERO,2022,42590
HIDALGO,2018,109999
HIDALGO,2019,95999
HIDALGO,2020,55999
HIDALGO,2021,52856
HIDALGO,2022,52856
JALISCO,2018,96999
JALISCO,2019,95999
JALISCO,2020,55999
JALISCO,2021,52999
JALISCO,2022,52856
MICHOAC'AN DE OCAMPO,2018,109999
MICHOAC'AN DE OCAMPO,2019,55999
MICHOAC'AN DE OCAMPO,2020,55999
MICHOAC'AN DE OCAMPO,2021,52999
MICHOAC'AN DE OCAMPO,2022,67149
MORELOS,2018,59999
MORELOS,2019,38499
MORELOS,2021,52725
MORELOS,2022,67149
NAYARIT,2018,48749
NAYARIT,2019,30614
NUEVO LE'ON,2018,86249
NUEVO LE'ON,2019,57885
NUEVO LE'ON,2020,55619
NUEVO LE'ON,2021,85713
NUEVO LE'ON,2022,64442
OAXACA,2018,64999
OAXACA,2019,55999
OAXACA,2020,55999
OAXACA,2021,85713
OAXACA,2022,67149
PUEBLA,2018,114999
PUEBLA,2019,95999
PUEBLA,2020,57885
PUEBLA,2021,57141
PUEBLA,2022,52999
QUER'ETARO,2018,79990
QUER'ETARO,2019,45899
QUER'ETARO,2020,50499
QUER'ETARO,2021,52856
QUER'ETARO,2022,52856
QUINTANA ROO,2018,76990
QUINTANA ROO,2019,55999
QUINTANA ROO,2020,68499
QUINTANA ROO,2021,52999
QUINTANA ROO,2022,64442
SAN LUIS POTOS'I,2018,64999
SAN LUIS POTOS'I,2019,55999
SAN LUIS POTOS'I,2020,57141
SAN LUIS POTOS'I,2021,52999
SAN LUIS POTOS'I,2022,52999
SINALOA,2018,109999
SINALOA,2019,95999
SINALOA,2020,68499
SINALOA,2021,52999
SINALOA,2022,46299
SONORA,2018,76990
SONORA,2019,53999
SONORA,2020,16999
SONORA,2021,52856
SONORA,2022,52856
TABASCO,2018,76990
TABASCO,2019,51817
TABASCO,2020,45452
TABASCO,2021,56990
TABASCO,2022,64442
TAMAULIPAS,2018,36499
TAMAULIPAS,2019,28999
TAMAULIPAS,2020,49999
TAMAULIPAS,2021,52999
TAMAULIPAS,2022,52999
TLAXCALA,2018,76990
TLAXCALA,2019,51816
TLAXCALA,2020,45453
TLAXCALA,2021,52856
TLAXCALA,2022,53332
VERACRUZ,2018,52856
VERACRUZ,2019,51816
VERACRUZ,2020,39999
VERACRUZ,2021,52856
VERACRUZ,2022,67149
YUCAT'AN,2018,103045
YUCAT'AN,2019,40799
YUCAT'AN,2020,40799
YUCAT'AN,2021,87910
YUCAT'AN,2022,53332
ZACATECAS,2018,96999
ZACATECAS,2019,50891
ZACATECAS,2020,44299
ZACATECAS,2021,52856
ZACATECAS,2022,49990
